{
  "weights": [
    0.7166402005687199,
    0.2519088733797953,
    0.2634477973319623,
    -0.2020935156868898,
    0.07819808311850543,
    -0.28542059349726456,
    -0.30502408190360425,
    -0.14877751879422843,
    0.05104945813562664,
    0.012063710590621874,
    0.05124448297669519,
    0.03274005421440443,
    0.02214683281506368,
    -0.09709888160523927,
    0.021254263743804527
  ],
  "bias": 0.690115983892337,
  "feat_mean": [
    47.14697452458989,
    0.09222570308300472,
    0.0924085299331597,
    -0.30406648253305035,
    0.0030924105475942836,
    0.013256799379250752,
    -0.6235580292754437,
    0.00012244545390732955,
    0.0005894772024338669,
    0.001794344442471475,
    0.5587712486821088,
    0.811565617210433,
    0.08662304404660133,
    0.33392226148409865,
    0.08657243816254413
  ],
  "feat_m2": [
    48216.573236876575,
    31.23987453760555,
    31.243105807812004,
    3581.244109409927,
    0.007618465232749273,
    0.14128417683865413,
    510.7071857783748,
    0.0022933884357381673,
    0.028930766013306082,
    0.003962754203692483,
    28.155841400730864,
    59.236662042671846,
    0.6587222590460524,
    125.88869257950529,
    0.6579505300353368
  ],
  "feat_count": 566,
  "samples": 566,
  "wins": 175,
  "losses": 391,
  "recent_outcomes": [
    [
      0.5307993385660178,
      0.45
    ],
    [
      0.5833927716985169,
      1.0
    ],
    [
      0.622655609004336,
      0.45
    ],
    [
      0.5129948269194178,
      1.0
    ],
    [
      0.6556425469198087,
      0.45
    ],
    [
      0.3977720217060843,
      1.0
    ],
    [
      0.4732971618791534,
      1.0
    ],
    [
      0.6650534329915978,
      0.45
    ],
    [
      0.5755102574534723,
      0.45
    ],
    [
      0.758560797055191,
      0.45
    ],
    [
      0.8106456829539035,
      0.45
    ],
    [
      0.854122280020416,
      1.0
    ],
    [
      0.8330695605435365,
      1.0
    ],
    [
      0.44323547507862854,
      0.45
    ],
    [
      0.41099614346516783,
      1.0
    ],
    [
      0.4677030400933821,
      0.45
    ],
    [
      0.7819996323289056,
      1.0
    ],
    [
      0.8865495118786898,
      0.0
    ],
    [
      0.751497020001109,
      1.0
    ],
    [
      0.7405012328365157,
      1.0
    ],
    [
      0.5962984780115598,
      0.45
    ],
    [
      0.6102834632782226,
      1.0
    ],
    [
      0.7877575068342002,
      0.45
    ],
    [
      0.8368048092082657,
      0.45
    ],
    [
      0.779613067711379,
      1.0
    ],
    [
      0.8163576213452177,
      1.0
    ],
    [
      0.8464051257389115,
      1.0
    ],
    [
      0.7407991518316455,
      0.45
    ],
    [
      0.634356727695411,
      0.45
    ],
    [
      0.6927936011230312,
      0.45
    ],
    [
      0.7190506399007787,
      0.45
    ],
    [
      0.6283196201089998,
      0.45
    ],
    [
      0.8310515076277473,
      1.0
    ],
    [
      0.6577531639933261,
      0.45
    ],
    [
      0.6029576461055663,
      0.45
    ],
    [
      0.8406436497421251,
      1.0
    ],
    [
      0.7912415141995317,
      0.45
    ],
    [
      0.451208193048857,
      0.45
    ],
    [
      0.4487878051481358,
      0.45
    ],
    [
      0.45887171667967,
      0.45
    ],
    [
      0.40777842761254,
      0.45
    ],
    [
      0.4254520908661353,
      1.0
    ],
    [
      0.6209540635558872,
      0.45
    ],
    [
      0.22283762996326775,
      0.0
    ],
    [
      0.9294036287537504,
      1.0
    ],
    [
      0.22236503762375184,
      0.0
    ],
    [
      0.35936484096598736,
      0.45
    ],
    [
      0.7134493441729275,
      0.45
    ],
    [
      0.6961772077364802,
      0.45
    ],
    [
      0.776396967604637,
      0.45
    ],
    [
      0.7880854108874719,
      0.45
    ],
    [
      0.6576332054263846,
      0.45
    ],
    [
      0.5276163315904233,
      0.45
    ],
    [
      0.469708366370413,
      0.45
    ],
    [
      0.5911344611637883,
      0.45
    ],
    [
      0.26913419512986975,
      0.45
    ],
    [
      0.3987304380638974,
      0.45
    ],
    [
      0.676309801618947,
      0.45
    ],
    [
      0.6587551712694188,
      1.0
    ],
    [
      0.6616231964348472,
      1.0
    ],
    [
      0.901155759386538,
      0.45
    ],
    [
      0.8786893481615518,
      0.45
    ],
    [
      0.720146409684516,
      0.45
    ],
    [
      0.6604342155919913,
      0.45
    ],
    [
      0.8729875212507638,
      0.45
    ],
    [
      0.4142377230157679,
      0.45
    ],
    [
      0.5589431645471177,
      1.0
    ],
    [
      0.26405335521843,
      0.45
    ],
    [
      0.47968047076397574,
      0.45
    ],
    [
      0.2493614207740288,
      0.45
    ],
    [
      0.32475833772504387,
      0.45
    ],
    [
      0.5194378923012513,
      0.45
    ],
    [
      0.27459546482063835,
      0.45
    ],
    [
      0.31956781542998575,
      0.45
    ],
    [
      0.37585212605008417,
      0.45
    ],
    [
      0.3357731841861868,
      0.45
    ],
    [
      0.3681187955642249,
      0.45
    ],
    [
      0.2633131904951655,
      0.45
    ],
    [
      0.7550884189709971,
      0.45
    ],
    [
      0.4607785860223058,
      0.45
    ],
    [
      0.6148869022131253,
      0.45
    ],
    [
      0.8103189109518958,
      0.45
    ],
    [
      0.35291477523656406,
      0.45
    ],
    [
      0.9278191695651202,
      1.0
    ],
    [
      0.933018990393134,
      0.0
    ],
    [
      0.6750045013871088,
      0.0
    ],
    [
      0.6915738563015366,
      1.0
    ],
    [
      0.5250276126643773,
      0.45
    ],
    [
      0.6812705165010692,
      1.0
    ],
    [
      0.3455818789516442,
      0.45
    ],
    [
      0.64884976082039,
      1.0
    ],
    [
      0.5513557404961047,
      0.0
    ],
    [
      0.6746307892321532,
      0.45
    ],
    [
      0.9184337973082451,
      1.0
    ],
    [
      0.335747796910104,
      0.45
    ],
    [
      0.7520018533567034,
      0.45
    ],
    [
      0.691678613672319,
      0.45
    ],
    [
      0.5458017048028212,
      0.45
    ],
    [
      0.5742499072550578,
      1.0
    ],
    [
      0.6065371619906925,
      0.45
    ],
    [
      0.5522641633023361,
      1.0
    ],
    [
      0.6284467273182918,
      0.45
    ],
    [
      0.5779919609980592,
      1.0
    ],
    [
      0.630296513662333,
      1.0
    ],
    [
      0.6750541264363061,
      0.45
    ],
    [
      0.5088933203159903,
      0.45
    ],
    [
      0.7711108907113086,
      0.45
    ],
    [
      0.8134195933223056,
      0.45
    ],
    [
      0.7539551575827101,
      1.0
    ],
    [
      0.8339078305491694,
      1.0
    ],
    [
      0.39839379596571867,
      0.45
    ],
    [
      0.3038956509367163,
      1.0
    ],
    [
      0.4294366419534596,
      0.45
    ],
    [
      0.7476074661914316,
      1.0
    ],
    [
      0.8579441913027591,
      0.0
    ],
    [
      0.7336482963024964,
      1.0
    ],
    [
      0.7298207694963045,
      1.0
    ],
    [
      0.6116629091160605,
      0.45
    ],
    [
      0.5819398424217423,
      1.0
    ],
    [
      0.8089240314210377,
      0.45
    ],
    [
      0.8337555734707409,
      0.45
    ],
    [
      0.7459818235099663,
      1.0
    ],
    [
      0.825937980619301,
      1.0
    ],
    [
      0.8404616833032296,
      1.0
    ],
    [
      0.7500220737155988,
      0.45
    ],
    [
      0.6465358428109926,
      0.45
    ],
    [
      0.7009890317162785,
      0.45
    ],
    [
      0.7423709266065318,
      0.45
    ],
    [
      0.6207066128854247,
      0.45
    ],
    [
      0.8860000233267293,
      1.0
    ],
    [
      0.6869519747726087,
      0.45
    ],
    [
      0.6104710827054619,
      0.45
    ],
    [
      0.891549347776272,
      1.0
    ],
    [
      0.789254565689842,
      0.45
    ],
    [
      0.4736820985094885,
      0.45
    ],
