{
  "weights": [
    0.0813601255970657,
    -0.06213183264390564,
    -0.04879934266248064,
    -0.09319792536804394,
    0.36162023045178077,
    -0.5195900214282777,
    -0.2531996382921532,
    -0.07705331474185767,
    -0.16850167390991358,
    0.16083631582936828,
    -0.13128462835238405,
    -0.06644828117177969,
    -0.14196284032863005,
    -0.8833552542667544,
    -0.14358632497706222
  ],
  "bias": 0.23358033312839288,
  "feat_mean": [
    47.55737438754808,
    216.56489509464936,
    216.5633492004317,
    -0.15526113350249166,
    0.0027250216962840454,
    0.01191311121182204,
    -0.5631707492527369,
    7.231110977305056e-6,
    0.00010487684162494038,
    0.0016503755154178895,
    0.4391836966655773,
    0.640011897989346,
    0.06844214474058873,
    0.2639336711193,
    0.06840165822201752
  ],
  "feat_m2": [
    256352.60090526094,
    27114065874.580105,
    27112506518.85012,
    14224.63711881165,
    0.023506965122833363,
    0.45181681951911107,
    2016.6444448320497,
    0.0069267331975439725,
    0.08129170620903782,
    0.011797920876619647,
    195.4312323497053,
    415.53071002855876,
    4.697919726671066,
    421.76600644864214,
    4.692353754030396
  ],
  "feat_count": 2171,
  "samples": 2171,
  "wins": 566,
  "losses": 1605,
  "recent_outcomes": [
    [
      0.6142345081962027,
      1.0
    ],
    [
      0.6349331931302745,
      1.0
    ],
    [
      0.5823118053092543,
      0.0
    ],
    [
      0.498881746131529,
      0.0
    ],
    [
      0.4212385953303403,
      0.0
    ],
    [
      0.36589772548965166,
      0.45
    ],
    [
      0.4718020747218616,
      1.0
    ],
    [
      0.4393017097518952,
      0.45
    ],
    [
      0.4185399199870155,
      0.45
    ],
    [
      0.32651752605458567,
      0.45
    ],
    [
      0.270243033259024,
      0.45
    ],
    [
      0.4886457643971121,
      0.45
    ],
    [
      0.5139365634892337,
      1.0
    ],
    [
      0.6294025871412864,
      0.45
    ],
    [
      0.5719094012757076,
      0.45
    ],
    [
      0.4774043960139891,
      0.45
    ],
    [
      0.5260913524175759,
      0.0
    ],
    [
      0.34674048238221566,
      0.45
    ],
    [
      0.6956208046017571,
      1.0
    ],
    [
      0.3990729283307733,
      0.45
    ],
    [
      0.4750164845247696,
      1.0
    ],
    [
      0.6244359774895899,
      0.0
    ],
    [
      0.5163226356979955,
      0.45
    ],
    [
      0.5189691706257278,
      0.45
    ],
    [
      0.4101855210447615,
      0.45
    ],
    [
      0.5071745510220121,
      0.45
    ],
    [
      0.5759578702704554,
      1.0
    ],
    [
      0.5652722684303882,
      0.45
    ],
    [
      0.5475961631070775,
      0.45
    ],
    [
      0.5905869918125577,
      0.45
    ],
    [
      0.5577671908678458,
      0.45
    ],
    [
      0.5875313380182307,
      0.45
    ],
    [
      0.6225482093273474,
      0.45
    ],
    [
      0.6252379580447267,
      0.45
    ],
    [
      0.4405814853489827,
      1.0
    ],
    [
      0.6930080233361501,
      0.45
    ],
    [
      0.6058372877015524,
      1.0
    ],
    [
      0.7702006699923655,
      1.0
    ],
    [
      0.6430195334819039,
      1.0
    ],
    [
      0.7149754446605141,
      0.45
    ],
    [
      0.7021131721950747,
      0.45
    ],
    [
      0.6309382798167505,
      0.45
    ],
    [
      0.6011673023127633,
      0.45
    ],
    [
      0.5007675483818544,
      1.0
    ],
    [
      0.6629314756984179,
      0.45
    ],
    [
      0.6576590193190556,
      0.45
    ],
    [
      0.6870301478481982,
      0.45
    ],
    [
      0.7373142811095977,
      0.45
    ],
    [
      0.6655508497364403,
      0.45
    ],
    [
      0.6679930449013788,
      0.45
    ],
    [
      0.496416724692291,
      0.45
    ],
    [
      0.5100699900437479,
      0.45
    ],
    [
      0.7099677228794403,
      0.45
    ],
    [
      0.6301804298338364,
      0.45
    ],
    [
      0.7159374888816836,
      0.45
    ],
    [
      0.7369362923677107,
      1.0
    ],
    [
      0.5091789653466093,
      0.45
    ],
    [
      0.6645297284414814,
      0.45
    ],
    [
      0.6710950051089845,
      0.45
    ],
    [
      0.672451604496834,
      0.45
    ],
    [
      0.7444488429132774,
      0.45
    ],
    [
      0.5532911318853534,
      0.45
    ],
    [
      0.5467763895682578,
      1.0
    ],
    [
      0.599796172969434,
      1.0
    ],
    [
      0.6237929914094809,
      1.0
    ],
    [
      0.7194562337837309,
      0.45
    ],
    [
      0.5922413685914218,
      0.45
    ],
    [
      0.7911244432275455,
      1.0
    ],
    [
      0.6117750296093544,
      0.45
    ],
    [
      0.21886212028707347,
      0.45
    ],
    [
      0.6540198162375866,
      0.45
    ],
    [
      0.633627145483876,
      0.45
    ],
    [
      0.5638653226011591,
      0.45
    ],
    [
      0.4481880993786805,
      1.0
    ],
    [
      0.6260481270357531,
      0.45
    ],
    [
      0.2495119659520604,
      1.0
    ],
    [
      0.5970347875713753,
      0.45
    ],
    [
      0.46091784498144583,
      1.0
    ],
    [
      0.5404787309703801,
      1.0
    ],
    [
      0.6021639374481231,
      0.45
    ],
    [
      0.18788176415897323,
      0.45
    ],
    [
      0.30858055785603855,
      0.45
    ],
    [
      0.2587073890007056,
      0.45
    ],
    [
      0.9624768893918184,
      1.0
    ],
    [
      0.8209387224327549,
      1.0
    ],
    [
      0.5507268996068684,
      0.45
    ],
    [
      0.6060785500172713,
      1.0
    ],
    [
      0.7401459550032412,
      0.0
    ],
    [
      0.5600645024502083,
      0.45
    ],
    [
      0.25733353842040196,
      1.0
    ],
    [
      0.7962470091755102,
      0.0
    ],
    [
      0.8150626830192398,
      1.0
    ],
    [
      0.37178997601595704,
      1.0
    ],
    [
      0.2663006894820153,
      0.45
    ],
    [
      0.2597002348250341,
      1.0
    ],
    [
      0.272194961423688,
      0.45
    ],
    [
      0.28062047602100837,
      0.45
    ],
    [
      0.6326004241899873,
      1.0
    ],
    [
      0.813994479738122,
      1.0
    ],
    [
      0.7479341713873329,
      1.0
    ],
    [
      0.26746230407884836,
      0.45
    ],
    [
      0.5890119660020108,
      0.45
    ],
    [
      0.6684194866329197,
      0.45
    ],
    [
      0.6630711747323244,
      0.45
    ],
    [
      0.6069210813431133,
      0.45
    ],
    [
      0.6437018445104912,
      1.0
    ],
    [
      0.6130217090966773,
      0.45
    ],
    [
      0.6242645187654206,
      0.45
    ],
    [
      0.6718317880260783,
      1.0
    ],
    [
      0.6922273781604636,
      0.45
    ],
    [
      0.6006503878781855,
      0.45
    ],
    [
      0.6078638471821388,
      0.45
    ],
    [
      0.6368211635765391,
      0.45
    ],
    [
      0.505253322570481,
      0.45
    ],
    [
      0.26499182939080207,
      1.0
    ],
    [
      0.31032710244877554,
      0.45
    ],
    [
      0.6011213259218194,
      0.0
    ],
    [
      0.9852711545212725,
      1.0
    ],
    [
      0.5879052833244401,
      0.0
    ],
    [
      0.22305285756988488,
      0.45
    ],
    [
      0.2808127289324776,
      0.45
    ],
    [
      0.25975918209035553,
      0.45
    ],
    [
      0.26304263645057446,
      0.45
    ],
    [
      0.2890789983256894,
      0.45
    ],
    [
      0.5858456510044492,
      0.45
    ],
    [
      0.6228050980866425,
      0.45
    ],
    [
      0.6111744864036797,
      0.45
    ],
    [
      0.6212159551559867,
      0.45
    ],
    [
      0.4340333941463659,
      0.45
    ],
    [
      0.5539483708050735,
      0.45
    ],
    [
      0.6826681539613282,
      0.45
    ],
    [
      0.5115343931520026,
      1.0
    ],
    [
      0.6491204817555346,
      1.0
    ],
    [
      0.34988813895326654,
      0.45
    ],
    [
