{
  "weights": [
    0.15838300335689576,
    -0.05401771204972293,
    -0.040705049406457056,
    -0.09346990783374559,
    0.13227106234125852,
    -0.8809587486196766,
    -0.8492631200950241,
    0.8294503446364764,
    0.4660944621939662,
    -0.1554022374195948,
    -0.16062105488613365,
    0.2504984929798817,
    -0.9233200073451058,
    -1.2439720515081436,
    -0.1161688106691301
  ],
  "bias": -0.08968367075812092,
  "feat_mean": [
    47.80806737573357,
    217.1871449835657,
    217.1855964554042,
    -0.1444095913871722,
    0.0027287252783834513,
    0.012028567173374437,
    -0.5481063159171625,
    -5.379389782548957e-6,
    0.00021365512275057236,
    0.0017372116136132902,
    0.44052924355978484,
    0.6381702794851276,
    0.07094344803079441,
    0.28536782538399436,
    0.06875505254648348
  ],
  "feat_m2": [
    298208.23755406076,
    30987171116.041958,
    30985388998.016594,
    15555.987573364468,
    0.026215488698247268,
    0.5427457332176224,
    2355.431486409414,
    0.01100029601414038,
    0.1316906501628957,
    0.020220490715437477,
    220.59353060168974,
    471.6539545449617,
    9.54170176287362,
    504.5303152789013,
    5.314765561843162
  ],
  "feat_count": 2474,
  "samples": 2474,
  "wins": 631,
  "losses": 1843,
  "recent_outcomes": [
    [
      0.5382098756317939,
      1.0
    ],
    [
      0.6866469263670145,
      0.45
    ],
    [
      0.6578077830387317,
      0.45
    ],
    [
      0.6790946016349784,
      0.45
    ],
    [
      0.7749221817171232,
      0.45
    ],
    [
      0.7261656047599057,
      0.45
    ],
    [
      0.705112866954461,
      0.45
    ],
    [
      0.5190464429450541,
      0.45
    ],
    [
      0.51376260446408,
      0.45
    ],
    [
      0.7237999641464457,
      0.45
    ],
    [
      0.5835977490597645,
      0.45
    ],
    [
      0.733454261384429,
      0.45
    ],
    [
      0.6921183139455341,
      1.0
    ],
    [
      0.5600764640823914,
      0.45
    ],
    [
      0.6484277832070027,
      0.45
    ],
    [
      0.6417700235427655,
      0.45
    ],
    [
      0.6869818190376008,
      0.45
    ],
    [
      0.7175274162612715,
      0.45
    ],
    [
      0.5590273495458761,
      0.45
    ],
    [
      0.5338845378254842,
      1.0
    ],
    [
      0.5884876013552819,
      1.0
    ],
    [
      0.6012429461586271,
      1.0
    ],
    [
      0.7008864564285345,
      0.45
    ],
    [
      0.6414956326563179,
      0.45
    ],
    [
      0.7463840071914989,
      1.0
    ],
    [
      0.47911199096528106,
      0.45
    ],
    [
      0.09031191582404115,
      0.45
    ],
    [
      0.6456210870831138,
      0.45
    ],
    [
      0.5688556393176915,
      0.45
    ],
    [
      0.48020716957677617,
      0.45
    ],
    [
      0.227281989185313,
      1.0
    ],
    [
      0.5420992762234342,
      0.45
    ],
    [
      0.12526010703443807,
      1.0
    ],
    [
      0.484873493255609,
      0.45
    ],
    [
      0.5185328444017072,
      1.0
    ],
    [
      0.5789618910140697,
      1.0
    ],
    [
      0.513465573332573,
      0.45
    ],
    [
      0.041370105448973515,
      0.45
    ],
    [
      0.13436257205286253,
      0.45
    ],
    [
      0.10794429721250519,
      0.45
    ],
    [
      0.9822154964638128,
      1.0
    ],
    [
      0.8462771133674016,
      1.0
    ],
    [
      0.4306093322533213,
      0.45
    ],
    [
      0.45772556762798794,
      1.0
    ],
    [
      0.7053917925390687,
      0.0
    ],
    [
      0.3960072241174699,
      0.45
    ],
    [
      0.1599006634872068,
      1.0
    ],
    [
      0.7749848516098281,
      0.0
    ],
    [
      0.8097830856147095,
      1.0
    ],
    [
      0.21436772203869833,
      1.0
    ],
    [
      0.12168752468931282,
      0.45
    ],
    [
      0.08205762098475046,
      1.0
    ],
    [
      0.14691018465553696,
      0.45
    ],
    [
      0.13283783751334913,
      0.45
    ],
    [
      0.422514660586064,
      1.0
    ],
    [
      0.6867359234580677,
      1.0
    ],
    [
      0.6619115550115233,
      1.0
    ],
    [
      0.12239069426993895,
      0.45
    ],
    [
      0.5074619751375525,
      0.45
    ],
    [
      0.624497837305761,
      0.45
    ],
    [
      0.6296733015623747,
      0.45
    ],
    [
      0.5146094860814635,
      0.45
    ],
    [
      0.8005465563107754,
      1.0
    ],
    [
      0.5615191686275655,
      0.45
    ],
    [
      0.5455425422036405,
      0.45
    ],
    [
      0.8115548103999963,
      1.0
    ],
    [
      0.6445180696552393,
      0.45
    ],
    [
      0.5503632316825737,
      0.45
    ],
    [
      0.5580804287548223,
      0.45
    ],
    [
      0.6154038355237785,
      0.45
    ],
    [
      0.371979173137681,
      0.45
    ],
    [
      0.14268244836349864,
      1.0
    ],
    [
      0.15250390635318953,
      0.45
    ],
    [
      0.5630283506381658,
      0.0
    ],
    [
      0.990458903180159,
      1.0
    ],
    [
      0.5506032649907214,
      0.0
    ],
    [
      0.11345600041101477,
      0.45
    ],
    [
      0.15275193766859016,
      0.45
    ],
    [
      0.12227863255531216,
      0.45
    ],
    [
      0.11435301745573799,
      0.45
    ],
    [
      0.13656280177030394,
      0.45
    ],
    [
      0.5361543717744616,
      0.45
    ],
    [
      0.6382253786269505,
      0.45
    ],
    [
      0.5780683119977295,
      0.45
    ],
    [
      0.5374812765343262,
      0.45
    ],
    [
      0.3045697697178368,
      0.45
    ],
    [
      0.49966481426407383,
      0.45
    ],
    [
      0.673357163675105,
      0.45
    ],
    [
      0.3727785153628026,
      1.0
    ],
    [
      0.5870914581196588,
      1.0
    ],
    [
      0.15963659316929388,
      0.45
    ],
    [
      0.1351902618914759,
      0.45
    ],
    [
      0.21629913179673696,
      0.45
    ],
    [
      0.5234324096895887,
      0.45
    ],
    [
      0.1631931980345152,
      0.0
    ],
    [
      0.14167935599810733,
      0.45
    ],
    [
      0.09976299751003166,
      0.45
    ],
    [
      0.7514960287159332,
      1.0
    ],
    [
      0.45282844387361876,
      0.45
    ],
    [
      0.5850794497099658,
      0.45
    ],
    [
      0.44852671843374237,
      0.45
    ],
    [
      0.4721303510822134,
      0.45
    ],
    [
      0.5957607456554781,
      0.45
    ],
    [
      0.42789059112811423,
      0.45
    ],
    [
      0.4066425885615292,
      0.45
    ],
    [
      0.5545700318505926,
      0.45
    ],
    [
      0.36033122108883514,
      0.45
    ],
    [
      0.4905052911067144,
      0.45
    ],
    [
      0.4758330000391667,
      0.45
    ],
    [
      0.11857957206667774,
      0.45
    ],
    [
      0.48963011547307683,
      0.45
    ],
    [
      0.5339473695192763,
      0.45
    ],
    [
      0.5187412695245099,
      0.45
    ],
    [
      0.5659519875480269,
      0.45
    ],
    [
      0.5465384371822076,
      1.0
    ],
    [
      0.7919814463055892,
      0.0
    ],
    [
      0.1417315109771961,
      0.0
    ],
    [
      0.5421858456972121,
      1.0
    ],
    [
      0.614934118300949,
      0.45
    ],
    [
      0.5379446999544467,
      1.0
    ],
    [
      0.5169648297555061,
      0.45
    ],
    [
      0.6165566276316901,
      1.0
    ],
    [
      0.5305047681846242,
      0.0
    ],
    [
      0.11943809342313016,
      0.45
    ],
    [
      0.09359960305553672,
      0.0
    ],
    [
      0.14252841299857677,
      0.45
    ],
    [
      0.1847038510780562,
      0.45
    ],
    [
      0.13024211637684074,
      0.45
    ],
    [
      0.08679627616152859,
      0.45
    ],
    [
      0.06966441918424235,
      0.45
    ],
    [
      0.5869652873245473,
      0.45
    ],
    [
      0.11749825941722476,
      0.45
    ],
    [
      0.5478984038931916,
      1.0
    ],
    [
      0.49648213668402036,
      1.0
    ],
    [
