{
  "weights": [
    -0.5018312908676211,
    0.030222656847154333,
    0.030202567400395352,
    0.19613212686153128,
    -0.060270305267910246,
    -0.18167313171594238,
    -0.6409500627520216,
    0.47709999912915263,
    0.42283075985212953,
    -0.346230319303789,
    -0.6990130980484943,
    0.033830877444334446,
    -1.1297927719895948,
    -1.1687112262629606,
    -0.553865246153478,
    -1.498186122231784,
    -0.46081730525083925,
    -0.488739137230743,
    0.0,
    -0.6668579991888556,
    0.0,
    0.0,
    0.0,
    0.0,
    0.0,
    0.0,
    0.0,
    0.0,
    0.0,
    0.0,
    0.0,
    0.0,
    0.0
  ],
  "bias": -0.5680734913034899,
  "feat_mean": [
    46.43197165039406,
    163.40242105363532,
    163.4009664321342,
    -0.07448047839435235,
    0.0028257460561363136,
    0.014148978382727346,
    -0.1986649556949203,
    -0.0007848033884005602,
    -0.001189527122792565,
    0.0030090480116094225,
    0.48804200507126466,
    0.6402033337968963,
    0.15338892177306807,
    0.34063260340632623,
    0.07883211678832125,
    0.026763990267639908,
    0.16858970292426229,
    0.20510318602684624,
    0.0,
    0.032711233605736786,
    0.0,
    0.0,
    0.0,
    0.0,
    0.0,
    0.0,
    0.0,
    0.0,
    0.0,
    0.0,
    0.0,
    0.0,
    0.0
  ],
  "feat_m2": [
    68810.60185039014,
    3877009942.255583,
    3876787164.870829,
    1500.0510706627383,
    0.0034911014715856884,
    0.11764995298212064,
    779.0184872039424,
    0.018414892998402838,
    0.06272170255159876,
    0.03902434016441587,
    27.198396422997853,
    69.9550380748406,
    40.558867193016816,
    92.31143552311431,
    0.6858394160583939,
    10.705596107055962,
    33.0683574599106,
    47.96033274655282,
    0.0,
    1.5535329929658341,
    0.0,
    0.0,
    0.0,
    0.0,
    0.0,
    0.0,
    0.0,
    0.0,
    0.0,
    0.0,
    0.0,
    0.0,
    0.0
  ],
  "feat_count": 411,
  "samples": 411,
  "wins": 92,
  "losses": 319,
  "recent_outcomes": [
    [
      0.6837969231174573,
      1.0
    ],
    [
      0.6458381121793898,
      1.0
    ],
    [
      0.639379116937825,
      0.0
    ],
    [
      0.7020626342121383,
      0.45
    ],
    [
      0.6692702514848549,
      0.45
    ],
    [
      0.6229842896355104,
      0.45
    ],
    [
      0.6104895765392383,
      0.0
    ],
    [
      0.6375109786165337,
      0.0
    ],
    [
      0.6219335927745335,
      1.0
    ],
    [
      0.6360259554615003,
      1.0
    ],
    [
      0.6392357495153966,
      1.0
    ],
    [
      0.6255013752270424,
      0.0
    ],
    [
      0.5947639862036171,
      0.45
    ],
    [
      0.7322294206073316,
      0.0
    ],
    [
      0.6196911786278383,
      0.45
    ],
    [
      0.6147631397002313,
      0.45
    ],
    [
      0.6218092917058551,
      0.45
    ],
    [
      0.611662753188227,
      0.0
    ],
    [
      0.6217945163846389,
      0.45
    ],
    [
      0.625877511549801,
      0.45
    ],
    [
      0.481714146591811,
      1.0
    ],
    [
      0.6135049187689989,
      0.0
    ],
    [
      0.5875370384767103,
      0.45
    ],
    [
      0.5933817600765233,
      0.45
    ],
    [
      0.5892153678816408,
      0.45
    ],
    [
      0.5906454687680506,
      0.0
    ],
    [
      0.5677527163968082,
      1.0
    ],
    [
      0.5867052071632227,
      0.45
    ],
    [
      0.6005175232109171,
      0.0
    ],
    [
      0.588840764098185,
      0.0
    ],
    [
      0.607938070474526,
      0.45
    ],
    [
      0.62015102063428,
      0.0
    ],
    [
      0.6036084166162206,
      0.0
    ],
    [
      0.5950711758412782,
      0.45
    ],
    [
      0.5930855623443353,
      0.0
    ],
    [
      0.4216670613744548,
      1.0
    ],
    [
      0.5783083175476773,
      0.0
    ],
    [
      0.5671108494247128,
      0.45
    ],
    [
      0.5727664789201067,
      0.0
    ],
    [
      0.5742777896218577,
      0.45
    ],
    [
      0.5826715877942861,
      0.45
    ],
    [
      0.5765336003056658,
      0.45
    ],
    [
      0.5804653894388163,
      0.0
    ],
    [
      0.5690825576344309,
      0.45
    ],
    [
      0.5804484481225425,
      0.0
    ],
    [
      0.5746460169079936,
      0.45
    ],
    [
      0.5784098016146194,
      0.45
    ],
    [
      0.6067654936364891,
      0.0
    ],
    [
      0.5681054435396475,
      0.45
    ],
    [
      0.5527615740258821,
      0.0
    ],
    [
      0.5829043017912395,
      1.0
    ],
    [
      0.6437101720587204,
      0.0
    ],
    [
      0.5150135756872746,
      1.0
    ],
    [
      0.5895218173997239,
      1.0
    ],
    [
      0.5661537573552933,
      0.0
    ],
    [
      0.4598552514223882,
      1.0
    ],
    [
      0.6516968299418914,
      0.0
    ],
    [
      0.571457479233142,
      0.0
    ],
    [
      0.5630253248208218,
      0.0
    ],
    [
      0.5847799909737491,
      0.0
    ],
    [
      0.5942628906868543,
      0.0
    ],
    [
      0.5989179199682173,
      0.0
    ],
    [
      0.5936839441577578,
      0.0
    ],
    [
      0.577971621072783,
      0.0
    ],
    [
      0.5970821668202012,
      1.0
    ],
    [
      0.6569551359555227,
      1.0
    ],
    [
      0.5938508827322375,
      0.0
    ],
    [
      0.6523104358962,
      1.0
    ],
    [
      0.6224798353348721,
      0.45
    ],
    [
      0.5625427977323297,
      0.0
    ],
    [
      0.6502485366971463,
      0.45
    ],
    [
      0.6897007215261977,
      0.0
    ],
    [
      0.595664737987249,
      1.0
    ],
    [
      0.6312125249785593,
      1.0
    ],
    [
      0.659041943194587,
      0.0
    ],
    [
      0.5971020285830826,
      0.0
    ],
    [
      0.6279009446140711,
      0.0
    ],
    [
      0.549735113360133,
      1.0
    ],
    [
      0.578784513758458,
      1.0
    ],
    [
      0.5770536422216408,
      1.0
    ],
    [
      0.6527418437734566,
      0.0
    ],
    [
      0.6316530867207759,
      1.0
    ],
    [
      0.6360084512627463,
      0.0
    ],
    [
      0.6438596201992199,
      0.45
    ],
    [
      0.621279375240254,
      0.0
    ],
    [
      0.6153671060311217,
      0.45
    ],
    [
      0.6249026875930532,
      0.45
    ],
    [
      0.6325219967171151,
      0.45
    ],
    [
      0.6227121880754323,
      0.45
    ],
    [
      0.553820280981694,
      0.45
    ],
    [
      0.5071825608072283,
      0.0
    ],
    [
      0.3330104250780908,
      0.45
    ],
    [
      0.33256043711308625,
      1.0
    ],
    [
      0.4335116379373883,
      0.0
    ],
    [
      0.4617996699645697,
      1.0
    ],
    [
      0.496044960918923,
      1.0
    ],
    [
      0.3360327095534045,
      0.0
    ],
    [
      0.32562633326377316,
      0.45
    ],
    [
      0.3417687415866964,
      0.0
    ],
    [
      0.22903456412955064,
      0.45
    ],
    [
      0.2775969619874529,
      1.0
    ],
    [
      0.36281116792447937,
      0.45
    ],
    [
      0.3718026923708115,
      1.0
    ],
    [
      0.4168560229470409,
      0.45
    ],
    [
      0.3851903660367263,
      0.45
    ],
    [
      0.40684239764882896,
      1.0
    ],
    [
      0.4184168167251339,
      1.0
    ],
    [
      0.49042136285172117,
      0.45
    ],
    [
      0.4806710404849136,
      0.45
    ],
    [
      0.44536584814915015,
      0.0
    ],
    [
      0.45816038226065875,
      0.45
    ],
    [
      0.4793386469586284,
      0.45
    ],
    [
      0.47583117161269495,
      0.45
    ],
    [
      0.46566968981306733,
      0.45
    ],
    [
      0.4642652630295268,
      0.45
    ],
    [
      0.47017339329868696,
      0.0
    ],
    [
      0.4791328751298808,
      0.45
    ],
    [
      0.440430149166609,
      0.0
    ],
    [
      0.48612814704988516,
      0.0
    ],
    [
      0.41411542055383743,
      1.0
    ],
    [
      0.46411819517345954,
      0.45
    ],
    [
      0.45180775626711833,
      0.45
    ],
