{
  "weights": [
    0.07834075189128585,
    -0.06234697202441914,
    -0.04901455586655271,
    -0.09304673267972989,
    0.3620990247914058,
    -0.5196170484303287,
    -0.25347201477870446,
    -0.07850026056829257,
    -0.17172467761824164,
    0.16164324402139585,
    -0.12911121339817436,
    -0.0661503132408692,
    -0.13956664361131893,
    -0.8774832868804034,
    -0.14119627198362383
  ],
  "bias": 0.23709694471725165,
  "feat_mean": [
    47.55307766997619,
    216.4651870635705,
    216.46364072254912,
    -0.15521060960655714,
    0.0027252287924147776,
    0.011913055245763172,
    -0.5632052862567631,
    6.892551536627199e-6,
    0.00010229299115604698,
    0.0016506220974170545,
    0.43926907201584336,
    0.6400289499039455,
    0.06845673889298726,
    0.2642725598526705,
    0.06841620626151014
  ],
  "feat_m2": [
    256439.65581313864,
    27114112753.751324,
    27112553398.441483,
    14224.649155674393,
    0.023507167361230274,
    0.45181683428872327,
    2016.6500693973962,
    0.006927273689831762,
    0.08132318763516952,
    0.011798207586317454,
    195.46560275404474,
    415.532081118492,
    4.698924058897803,
    422.3075506445682,
    4.69335174953959
  ],
  "feat_count": 2172,
  "samples": 2172,
  "wins": 566,
  "losses": 1606,
  "recent_outcomes": [
    [
      0.6349331931302745,
      1.0
    ],
    [
      0.5823118053092543,
      0.0
    ],
    [
      0.498881746131529,
      0.0
    ],
    [
      0.4212385953303403,
      0.0
    ],
    [
      0.36589772548965166,
      0.45
    ],
    [
      0.4718020747218616,
      1.0
    ],
    [
      0.4393017097518952,
      0.45
    ],
    [
      0.4185399199870155,
      0.45
    ],
    [
      0.32651752605458567,
      0.45
    ],
    [
      0.270243033259024,
      0.45
    ],
    [
      0.4886457643971121,
      0.45
    ],
    [
      0.5139365634892337,
      1.0
    ],
    [
      0.6294025871412864,
      0.45
    ],
    [
      0.5719094012757076,
      0.45
    ],
    [
      0.4774043960139891,
      0.45
    ],
    [
      0.5260913524175759,
      0.0
    ],
    [
      0.34674048238221566,
      0.45
    ],
    [
      0.6956208046017571,
      1.0
    ],
    [
      0.3990729283307733,
      0.45
    ],
    [
      0.4750164845247696,
      1.0
    ],
    [
      0.6244359774895899,
      0.0
    ],
    [
      0.5163226356979955,
      0.45
    ],
    [
      0.5189691706257278,
      0.45
    ],
    [
      0.4101855210447615,
      0.45
    ],
    [
      0.5071745510220121,
      0.45
    ],
    [
      0.5759578702704554,
      1.0
    ],
    [
      0.5652722684303882,
      0.45
    ],
    [
      0.5475961631070775,
      0.45
    ],
    [
      0.5905869918125577,
      0.45
    ],
    [
      0.5577671908678458,
      0.45
    ],
    [
      0.5875313380182307,
      0.45
    ],
    [
      0.6225482093273474,
      0.45
    ],
    [
      0.6252379580447267,
      0.45
    ],
    [
      0.4405814853489827,
      1.0
    ],
    [
      0.6930080233361501,
      0.45
    ],
    [
      0.6058372877015524,
      1.0
    ],
    [
      0.7702006699923655,
      1.0
    ],
    [
      0.6430195334819039,
      1.0
    ],
    [
      0.7149754446605141,
      0.45
    ],
    [
      0.7021131721950747,
      0.45
    ],
    [
      0.6309382798167505,
      0.45
    ],
    [
      0.6011673023127633,
      0.45
    ],
    [
      0.5007675483818544,
      1.0
    ],
    [
      0.6629314756984179,
      0.45
    ],
    [
      0.6576590193190556,
      0.45
    ],
    [
      0.6870301478481982,
      0.45
    ],
    [
      0.7373142811095977,
      0.45
    ],
    [
      0.6655508497364403,
      0.45
    ],
    [
      0.6679930449013788,
      0.45
    ],
    [
      0.496416724692291,
      0.45
    ],
    [
      0.5100699900437479,
      0.45
    ],
    [
      0.7099677228794403,
      0.45
    ],
    [
      0.6301804298338364,
      0.45
    ],
    [
      0.7159374888816836,
      0.45
    ],
    [
      0.7369362923677107,
      1.0
    ],
    [
      0.5091789653466093,
      0.45
    ],
    [
      0.6645297284414814,
      0.45
    ],
    [
      0.6710950051089845,
      0.45
    ],
    [
      0.672451604496834,
      0.45
    ],
    [
      0.7444488429132774,
      0.45
    ],
    [
      0.5532911318853534,
      0.45
    ],
    [
      0.5467763895682578,
      1.0
    ],
    [
      0.599796172969434,
      1.0
    ],
    [
      0.6237929914094809,
      1.0
    ],
    [
      0.7194562337837309,
      0.45
    ],
    [
      0.5922413685914218,
      0.45
    ],
    [
      0.7911244432275455,
      1.0
    ],
    [
      0.6117750296093544,
      0.45
    ],
    [
      0.21886212028707347,
      0.45
    ],
    [
      0.6540198162375866,
      0.45
    ],
    [
      0.633627145483876,
      0.45
    ],
    [
      0.5638653226011591,
      0.45
    ],
    [
      0.4481880993786805,
      1.0
    ],
    [
      0.6260481270357531,
      0.45
    ],
    [
      0.2495119659520604,
      1.0
    ],
    [
      0.5970347875713753,
      0.45
    ],
    [
      0.46091784498144583,
      1.0
    ],
    [
      0.5404787309703801,
      1.0
    ],
    [
      0.6021639374481231,
      0.45
    ],
    [
      0.18788176415897323,
      0.45
    ],
    [
      0.30858055785603855,
      0.45
    ],
    [
      0.2587073890007056,
      0.45
    ],
    [
      0.9624768893918184,
      1.0
    ],
    [
      0.8209387224327549,
      1.0
    ],
    [
      0.5507268996068684,
      0.45
    ],
    [
      0.6060785500172713,
      1.0
    ],
    [
      0.7401459550032412,
      0.0
    ],
    [
      0.5600645024502083,
      0.45
    ],
    [
      0.25733353842040196,
      1.0
    ],
    [
      0.7962470091755102,
      0.0
    ],
    [
      0.8150626830192398,
      1.0
    ],
    [
      0.37178997601595704,
      1.0
    ],
    [
      0.2663006894820153,
      0.45
    ],
    [
      0.2597002348250341,
      1.0
    ],
    [
      0.272194961423688,
      0.45
    ],
    [
      0.28062047602100837,
      0.45
    ],
    [
      0.6326004241899873,
      1.0
    ],
    [
      0.813994479738122,
      1.0
    ],
    [
      0.7479341713873329,
      1.0
    ],
    [
      0.26746230407884836,
      0.45
    ],
    [
      0.5890119660020108,
      0.45
    ],
    [
      0.6684194866329197,
      0.45
    ],
    [
      0.6630711747323244,
      0.45
    ],
    [
      0.6069210813431133,
      0.45
    ],
    [
      0.6437018445104912,
      1.0
    ],
    [
      0.6130217090966773,
      0.45
    ],
    [
      0.6242645187654206,
      0.45
    ],
    [
      0.6718317880260783,
      1.0
    ],
    [
      0.6922273781604636,
      0.45
    ],
    [
      0.6006503878781855,
      0.45
    ],
    [
      0.6078638471821388,
      0.45
    ],
    [
      0.6368211635765391,
      0.45
    ],
    [
      0.505253322570481,
      0.45
    ],
    [
      0.26499182939080207,
      1.0
    ],
    [
      0.31032710244877554,
      0.45
    ],
    [
      0.6011213259218194,
      0.0
    ],
    [
      0.9852711545212725,
      1.0
    ],
    [
      0.5879052833244401,
      0.0
    ],
    [
      0.22305285756988488,
      0.45
    ],
    [
      0.2808127289324776,
      0.45
    ],
    [
      0.25975918209035553,
      0.45
    ],
    [
      0.26304263645057446,
      0.45
    ],
    [
      0.2890789983256894,
      0.45
    ],
    [
      0.5858456510044492,
      0.45
    ],
    [
      0.6228050980866425,
      0.45
    ],
    [
      0.6111744864036797,
      0.45
    ],
    [
      0.6212159551559867,
      0.45
    ],
    [
      0.4340333941463659,
      0.45
    ],
    [
      0.5539483708050735,
      0.45
    ],
    [
      0.6826681539613282,
      0.45
    ],
    [
      0.5115343931520026,
      1.0
    ],
    [
      0.6491204817555346,
      1.0
    ],
    [
      0.34988813895326654,
      0.45
    ],
    [
      0.3111407905293945,
      0.45
    ],
    [
