{
  "aggregate": {
    "accuracy": 0.6544500136032813,
    "f1_macro": 0.3852885169972677,
    "precision_macro": 0.41750591036963336,
    "recall_macro": 0.3747586937602829,
    "precision_tradeable": 0.35392492634618355,
    "precision_long": 0.26104750867544324,
    "precision_short": 0.34936721853718145,
    "tradeable_rate": 0.1527170991963407,
    "avg_r_proxy": 0.06177477903855066,
    "net_r_proxy": 58.2,
    "mean_confidence": 0.53738999563517,
    "mean_trade_confidence": 0.46487017197125907,
    "confidence_threshold": 0.6,
    "n_folds": 5.0,
    "n_test": 72950.0,
    "model_name": "meta_binary",
    "export_backend": "lightgbm_meta_distill",
    "trained_at": "2026-07-11T09:49:01.911436+00:00",
    "dataset_rows": 87539.0,
    "feature_dim": 24.0,
    "final_holdout_precision_tradeable": 0.3500717360114778,
    "final_holdout_avg_r_proxy": 0.05021520803443329
  },
  "folds": [
    {
      "accuracy": 0.6467886764000275,
      "f1_macro": 0.30759519397883506,
      "precision_macro": 0.4474699895803688,
      "recall_macro": 0.34653596186254015,
      "n_test": 14589.0,
      "precision_long": 0.36395759717314485,
      "pred_count_long": 283.0,
      "precision_short": 0.3192982456140351,
      "pred_count_short": 285.0,
      "precision_tradeable": 0.3415492957746479,
      "tradeable_rate": 0.03893344300500377,
      "net_r_proxy": 14.0,
      "avg_r_proxy": 0.02464788732394366,
      "mean_confidence": 0.5149147358528826,
      "mean_trade_confidence": 0.5655368454496047,
      "feature_dim": 24.0,
      "fold": 0.0,
      "confidence_threshold": 0.55
    },
    {
      "accuracy": 0.6854479402289396,
      "f1_macro": 0.27112394431114184,
      "precision_macro": 0.22848264674297988,
      "recall_macro": 0.3333333333333333,
      "n_test": 14589.0,
      "precision_long": 0.0,
      "pred_count_long": 0.0,
      "precision_short": 0.0,
      "pred_count_short": 0.0,
      "precision_tradeable": 0.0,
      "tradeable_rate": 0.0,
      "net_r_proxy": 0.0,
      "avg_r_proxy": 0.0,
      "mean_confidence": 0.5012315249735361,
      "mean_trade_confidence": 0.0,
      "feature_dim": 24.0,
      "fold": 1.0,
      "confidence_threshold": 0.6
    },
    {
      "accuracy": 0.7015559668243196,
      "f1_macro": 0.35104689122832755,
      "precision_macro": 0.5174569269322592,
      "recall_macro": 0.36550047041868633,
      "n_test": 14589.0,
      "precision_long": 0.3498542274052478,
      "pred_count_long": 343.0,
      "precision_short": 0.48695652173913045,
      "pred_count_short": 345.0,
      "precision_tradeable": 0.4186046511627907,
      "tradeable_rate": 0.04715881828775104,
      "net_r_proxy": 176.0,
      "avg_r_proxy": 0.2558139534883721,
      "mean_confidence": 0.5231732564566501,
      "mean_trade_confidence": 0.569928830474827,
      "feature_dim": 24.0,
      "fold": 2.0,
      "confidence_threshold": 0.55
    },
    {
      "accuracy": 0.6097059428336418,
      "f1_macro": 0.4145211255072112,
      "precision_macro": 0.452411195444512,
      "recall_macro": 0.4141637205872766,
      "n_test": 14589.0,
      "precision_long": 0.2695434646654159,
      "pred_count_long": 1599.0,
      "precision_short": 0.40969507427677876,
      "pred_count_short": 1279.0,
      "precision_tradeable": 0.3318276580958999,
      "tradeable_rate": 0.1972719171978888,
      "net_r_proxy": -13.0,
      "avg_r_proxy": -0.004517025712300208,
      "mean_confidence": 0.588620138487387,
      "mean_trade_confidence": 0.5977433164311851,
      "feature_dim": 24.0,
      "fold": 3.0,
      "confidence_threshold": 0.55
    },
    {
      "accuracy": 0.6287515417294779,
      "f1_macro": 0.40981337344154345,
      "precision_macro": 0.44170879314804673,
      "recall_macro": 0.41425998259957836,
      "n_test": 14594.0,
      "precision_long": 0.25379939209726443,
      "pred_count_long": 658.0,
      "precision_short": 0.3752319109461967,
      "pred_count_short": 2156.0,
      "precision_tradeable": 0.3468372423596304,
      "tradeable_rate": 0.1928189666986433,
      "net_r_proxy": 114.0,
      "avg_r_proxy": 0.04051172707889126,
      "mean_confidence": 0.5590103224053942,
      "mean_trade_confidence": 0.591141867500679,
      "feature_dim": 24.0,
      "fold": 4.0,
      "confidence_threshold": 0.55
    }
  ],
  "promoted_at": "2026-07-11T09:49:02.807906+00:00",
  "notes": "meta binary promote thr=0.60"
}